token;web;address;telegram;twitter
STAMP SRC;https://coinranking.com/coin/Nhi6rEsqg+stampsrc-stamp;[];;
LUFFY SRC;https://coinranking.com/coin/zu51ahoBD+luffysrc-luffy;['bitcoin/bc1qa57hzmczsmaswfumxc8he9wztggwzdxwh7eqww'];Luffy_SRC20;@luffy_src20
KEVIN SRC;https://coinranking.com/coin/DtRJFW8Ta+kevinsrc-kevin;[];;
X42 SRC;https://coinranking.com/coin/uo8vn7KO3+x42src-x42;['bitcoin/bc1qjfgdyq56pmlpzg482y27a5ge54tkjfuq53qyh2'];;
RORO SRC;https://coinranking.com/coin/WWVTFZdz4+rorosrc-roro;['bitcoin/bc1qqpx6j7lcy3ndjq04l0qx3k3w8jz6tqfhwtgyct'];;@Btc_ShowTime
SVP SRC;https://coinranking.com/coin/kPQ0dymkM+svpsrc-svp;['bitcoin/bc1qfxypechhk44knpqyh8f0365j7zj2r350z4uaqk'];;@svpowergalaxry
SWP SRC;https://coinranking.com/coin/xcAaDWVT_+swpsrc-swp;['bitcoin/bc1qrvcm4nqceyar908wey63nzycd4esdjjqkaa62u'];;
STMAP SRC;https://coinranking.com/coin/hh1gUmrnl+stmapsrc-stmap;[];stampmap;@StampMap_STMAP
SATO SRC;https://coinranking.com/coin/SbSnL3Bnd+satosrc-sato;[];SATObtc;@satosrc20
GOVA SRC;https://coinranking.com/coin/JlL-jSrpM+govasrc-gova;['bitcoin/90e0d8daaea7e81a050c80b1d19a8caddb0e9f66a453b698996480019cac85b2', 'bitcoin/bc1qyg0v5upptq6f3te9wple03s8uamz868xv2wl44'];;
PEPE SRC;https://coinranking.com/coin/4GeD6qCOI+pepesrc-pepe;[];;@pepesrc
PEPE SRC;https://coinranking.com/coin/2Cn4kVYhI+pepesrc-pepe;[];;
BOBO SRC;https://coinranking.com/coin/SO9GaXomL+bobosrc-bobo;[];;
SHIB SRC;https://coinranking.com/coin/-C0XuQMZ-+shibsrc-shib;[];;
PUNKS SRC;https://coinranking.com/coin/mNAuEC-2I+punkssrc-punks;[];;
RARE SRC;https://coinranking.com/coin/se_5KaStn+raresrc-rare;[];;
A SRC;https://coinranking.com/coin/P1Ooxut5s+asrc-a;[];;
WAGMI SRC;https://coinranking.com/coin/UPGv7bxqq+wagmisrc-wagmi;[];;
ALPHA SRC;https://coinranking.com/coin/G_XMYZwhv+alphasrc-alpha;[];;
GM SRC;https://coinranking.com/coin/mq-x9FgTm+gmsrc-gm;[];;
PIZZA SRC;https://coinranking.com/coin/Fp1C1lVS8+pizzasrc-pizza;[];;
$BTC;https://coinranking.com/coin/K-OPP5Xgh+btc-btc;[];;
PUNK SRC;https://coinranking.com/coin/ab1meux1f+punksrc-punk;[];;
DEGEN SRC;https://coinranking.com/coin/co9p36vLd+degensrc-degen;[];;
PLAY SRC;https://coinranking.com/coin/idlFkMxhW+playsrc-play;[];;
PIES SRC;https://coinranking.com/coin/cH1gkc89s+piessrc-pies;[];;
BOOB SRC;https://coinranking.com/coin/64FRcBUiw+boobsrc-boob;[];;
STMPP SRC;https://coinranking.com/coin/CJq6RX6lG+stmppsrc-stmpp;[];;
69420;https://coinranking.com/coin/petJmKP72+69420-69420;[];;
VIVA SRC;https://coinranking.com/coin/Dk4k7FoyM+vivasrc-viva;[];+ONRXYe7FDT5iODU8;@viva_la_vandal
HOMER;https://coinranking.com/coin/QfiXJw72k+homer-homer;['bitcoin/47811'];;@CMYKRevolution
SPAM SRC;https://coinranking.com/coin/1aCWBRiz_+spamsrc-spam;['bitcoin/21958'];;
DYOR SRC;https://coinranking.com/coin/oaRsgkvCm+dyorsrc-dyor;['bitcoin/40934'];;@DankFroglet
NIVEK SRC;https://coinranking.com/coin/rp3Cr_Vwo+niveksrc-nivek;['bitcoin/21475'];;@Niveksrc20
MEME SRC;https://coinranking.com/coin/-71AyFIPD+memesrc-meme;['bitcoin/18791'];;
KAREN;https://coinranking.com/coin/ml2Q14uTU+karen-karen;['bitcoin/32108'];;
SLVR SRC;https://coinranking.com/coin/oZWLGTkTt+slvrsrc-slvr;['bitcoin/40955'];;
NAKA SRC;https://coinranking.com/coin/5D1i9KTMs+nakasrc-naka;['bitcoin/18622'];;
OBI;https://coinranking.com/coin/vKvix6Xxc+obi-obi;['bitcoin/18674'];;@crypt0biwan
NEXUS SRC;https://coinranking.com/coin/DkZtzDDp9+nexussrc-nexus;['bitcoin/40675'];NEXUSSRC20;@alth0tas
KITTY SRC;https://coinranking.com/coin/ysvABOv6h+kittysrc-kitty;['bitcoin/26456'];;
GOLD SRC;https://coinranking.com/coin/M1Xdctkf0+goldsrc-gold;['bitcoin/22045'];;
MIKE SRC;https://coinranking.com/coin/1Vdpy4zai+mikesrc-mike;['bitcoin/23892'];;
SRC20;https://coinranking.com/coin/_ojrVbaKX+src20-src20;['bitcoin/18672'];;
420 SRC;https://coinranking.com/coin/xQo1v_Uh_+420src-420;['bitcoin/18609'];;
STFU SRC;https://coinranking.com/coin/xs73moK9I+stfusrc-stfu;['bitcoin/44875'];;
RICH SRC;https://coinranking.com/coin/QYOXkDNb8+richsrc-rich;['bitcoin/29539'];;
ORDI SRC;https://coinranking.com/coin/qT4FEqY26+ordisrc-ordi;['bitcoin/18814'];;
YOTET SRC;https://coinranking.com/coin/srMTcJxLB+yotetsrc-yotet;['bitcoin/18590'];;
69 SRC;https://coinranking.com/coin/nxza9TDUN+69src-69;['bitcoin/18610'];;
ERROR;https://coinranking.com/coin/E9FxP42ZJ+error-error;['bitcoin/45168'];;
HIRO SRC;https://coinranking.com/coin/awGgDaTT4+hirosrc-hiro;['bitcoin/23018'];;
PURP;https://coinranking.com/coin/UR8S_ovsW+purp-purp;['bitcoin/18604'];;
AI SRC;https://coinranking.com/coin/da7nyhrVi+aisrc-ai;['bitcoin/35105'];;
CHICO SRC;https://coinranking.com/coin/Blpue1v-s+chicosrc-chico;['bitcoin/21885'];;
TRUMP SRC;https://coinranking.com/coin/PwuSs0YOj+trumpsrc-trump;['bitcoin/21404'];;
UTXO SRC;https://coinranking.com/coin/FoX-v_KqL+utxosrc-utxo;['bitcoin/47041'];;
8 SRC;https://coinranking.com/coin/7VEEz5Cra+8src-8;['bitcoin/44143'];;
STUNK SRC;https://coinranking.com/coin/Twdx_5K8Q+stunksrc-stunk;[];;
HOMER SRC;https://coinranking.com/coin/AMonFM1g0+homersrc-homer;[];;@CMYKRevolution
ELON SRC;https://coinranking.com/coin/VLA954KER+elonsrc-elon;[];;
HODL SRC;https://coinranking.com/coin/DCiCX27r8+hodlsrc-hodl;[];;
ROCK SRC;https://coinranking.com/coin/Zb4Xnpxyq+rocksrc-rock;[];;@RockSRC20
DRGN SRC;https://coinranking.com/coin/ywIhXdMHc+drgnsrc-drgn;[];;
JDOG SRC;https://coinranking.com/coin/iVlwcd6KZ+jdogsrc-jdog;['bitcoin/203274'];;
StamPad SRC;https://coinranking.com/coin/ZOiJhaw88+stampadsrc-pad;[];padsrc;@Stampad_SRC
QNT SRC;https://coinranking.com/coin/xOJx90dkS+qntsrc-qnt;[];;
IBIT SRC;https://coinranking.com/coin/F3NbfkVN3+ibitsrc-ibit;[];;
BITDN SRC;https://coinranking.com/coin/KBLMR62By+bitdnsrc-bitdn;['bitcoin/bc1qgj7qd2c4reppl554ryq0dl8vfwa6mk9p49wluj'];;
DOGE SRC;https://coinranking.com/coin/bxXwNb3HP+dogesrc-doge;['bitcoin/bc1qysx8ktj22pp2xcennpaqq6ak4whklzugharuxp'];;
SGAME SRC;https://coinranking.com/coin/oFSalhQNX+sgamesrc-sgame;['bitcoin/bc1qay0wdund0zxluwckfyzdx03ljx87qpsdr03c3k'];;
PXL SRC;https://coinranking.com/coin/9CVzXdOzO+pxlsrc-pxl;['bitcoin/bc1qk3ak2qpv8a87p8ercuhqxrlpxpk4jv863z5gg7'];pxllabs;X.com
NAMI SRC;https://coinranking.com/coin/MNkHjZeUX+namisrc-nami;['bitcoin/bc1pvy09u0t3m57kc0rr7zs67erd23ryun2k2y25w9d22cna7t9rs3tqk6cp8l'];;
SATS SRC;https://coinranking.com/coin/ZlDkaNpZl+satssrc-sats;['bitcoin/bc1qqu7c36fu9nalmga0szem7l09zm9t9z4gfh8c0f'];;
DOSHI SRC;https://coinranking.com/coin/P7BiOpX58+doshisrc-doshi;['bitcoin/bc1qe6mnfdxgrqnju3jyqdk3ufa027yht0nzk45k3m'];;
FUNK SRC;https://coinranking.com/coin/6lonQDg5J+funksrc-funk;['bitcoin/1WweVUK8kLmSNt6yKKqwVxch3Z7Lw5HAY'];;
ISLAM SRC;https://coinranking.com/coin/pnLy7tS2O+islamsrc-islam;['bitcoin/bc1qn3gsmd7rmdkzdjxzz9nhkeux7mk933veywu6dd'];;
SPAD SRC;https://coinranking.com/coin/eiL99itRd+spadsrc-spad;['bitcoin/bc1qxgfjzguw7kk4tdj7asf23363j40vmhsa97hn5q'];;@srcpad_pro
ZAPO SRC;https://coinranking.com/coin/HF1iUx43z+zaposrc-zapo;['bitcoin/bc1qzn9a6vudks85aqj6s9xvnk0emt9psfr5nal9g7'];;
OLGA SRC;https://coinranking.com/coin/b8KJvDDXj+olgasrc-olga;['bitcoin/bc1qg7pzmh65tdzh0sezd9wcqvp0zqma92jm73am4l'];;
GOJO SRC;https://coinranking.com/coin/ytUbWWSlE+gojosrc-gojo;['bitcoin/bc1qr5u8tppy78sgkffsguqh4kf85697v8j8e40qma'];;
SAFE SRC;https://coinranking.com/coin/KgxT17SgV+safesrc-safe;['bitcoin/bc1qc2mm2d8caulw3ng490kzmqxg4d5pexrufwezym'];;
L2 SRC;https://coinranking.com/coin/-1Ndh8doe+l2src-l2;[];;@SRC20_L2
JAMEX SRC;https://coinranking.com/coin/RYoZEfUyf+jamexsrc-jamex;[];;
LASER SRC;https://coinranking.com/coin/3Xtj0IX1A+lasersrc-laser;['bitcoin/bc1qv0hfr32fd9kpayhk76wch54hn0a05jxmk6xma3'];;@PixelLaserEyes
ASNGE SRC;https://coinranking.com/coin/3uAfEg0NA+asngesrc-asnge;['bitcoin/bc1q8sjt8wrju9gl329qn2uxyr7dnn9ufap7z6x9l2'];;@Assange_SRC20
DEVIN SRC;https://coinranking.com/coin/E7oLD97kL+devinsrc-devin;['bitcoin/bc1puts9pcrswg2fndkcs3zjcjpymg8pvlkcphqlwdllwpsapd7j9grs5w5jvc'];;
SHAD SRC;https://coinranking.com/coin/vl5-ZzI9RZAK+shadsrc-shad;[];;
EGAME SRC;https://coinranking.com/coin/BjjZ80Pzu+egamesrc-egame;['bitcoin/bc1qchps4dj5pcvhkxk60l2h7fpsmpsw429yqv6y4a'];;
